﻿Actividad,Responsable,Duración,Inicio ,Fin,Evento,Días al Evento,Stoper
Entrega de bases finales monitoreo,"Coordinación de Compras F1,Subdirección Planeación Estratégica",Dura 1 días,01/09/2021,1/09/21,27/10/24,1152,
Entrega de capítulo eventos especiales Parte 1,"Coordinación de Compras F1,Subdirección Planeación Estratégica",Dura 1 días,01/09/2021,1/09/21,27/10/24,1152,
Reporte de cobertura de medios final versión completa,"Coordinación de Compras F1,Subdirección Planeación Estratégica",Dura 1 días,01/09/2021,1/09/21,27/10/24,1152,
Estudio de mecánica de suelos,"Dirección General CIE Internacional y F1,Dirección de Mercadotecnia F1,Dirección de Operaciones F1",Dura 10 días,01/09/2021,14/09/21,27/10/24,1139,
Levantamiento topográfico,"Dirección General CIE Internacional y F1,Dirección de Mercadotecnia F1,Dirección de Operaciones F1",Dura 5 días,15/09/2021,21/09/21,27/10/24,1132,Levantamiento topográfico
Definición de presupuesto de construcción,"Equipo de Proyecto,Gerente de Planeación Financiera F1,Dirección General CIE Internacional y F1",Dura 10 días,22/09/2021,5/10/21,27/10/24,1118,Definición de presupuesto de construcción
"Pre-aprobación OMDAI, FIA","Dirección General CIE Internacional y F1,Dirección de Mercadotecnia F1,Dirección de Operaciones F1",Dura 5 días,06/10/2021,12/10/21,27/10/24,1111,"Pre-aprobación OMDAI, FIA"
Definición de la ubicación,"Dirección General CIE Internacional y F1,Dirección de Mercadotecnia F1,Dirección de Operaciones F1",Dura 10 días,13/10/2021,26/10/21,27/10/24,1097,Definición de la ubicación
Planeación Trazo de Pista,"Equipo de Proyecto,Gerente de Planeación Financiera F1,Dirección General CIE Internacional y F1",Dura 55 días,01/09/2021,16/11/21,27/10/24,1076,
Definición de la dimensión,"Equipo de Proyecto,Gerente Producción F1,Subdirectora Promotoría Exp Al Cliente y Sustentabilidad F1",Dura 15 días,27/10/2021,16/11/21,27/10/24,1076,Definición de la dimensión
Mano de obra ( Planeación),"Equipo de Proyecto,Gerente Producción F1,Subdirectora Promotoría Exp Al Cliente y Sustentabilidad F1",Dura 20 días,17/11/2021,14/12/21,27/10/24,1048,Mano de obra ( Planeación)
Permisos de construcción,"Equipo de Proyecto,Gerente Producción F1,Subdirectora Promotoría Exp Al Cliente y Sustentabilidad F1",Dura 20 días,15/12/2021,11/01/22,27/10/24,1020,Permisos de construcción
Planos,"Equipo de Proyecto,Gerente Producción F1,Subdirectora Promotoría Exp Al Cliente y Sustentabilidad F1",Dura 20 días,12/01/2022,8/02/22,27/10/24,992,Planos
Materiales y construcción,"Equipo de Proyecto,Gerente Producción F1,Subdirectora Promotoría Exp Al Cliente y Sustentabilidad F1",Dura 15 días,09/02/2022,1/03/22,27/10/24,971,Materiales y construcción
Tiempo de construcción,"Equipo de Proyecto,Gerente Producción F1,Subdirectora Promotoría Exp Al Cliente y Sustentabilidad F1",Dura 250 días,12/01/2022,27/12/22,27/10/24,670,Tiempo de construcción
Aprobación,"Equipo de Proyecto,Gerente Producción F1,Subdirectora Promotoría Exp Al Cliente y Sustentabilidad F1",Dura 10 días,28/12/2022,10/01/23,27/10/24,656,Aprobación
Trazo de Pista,"Equipo de Proyecto,Gerente Producción F1,Subdirectora Promotoría Exp Al Cliente y Sustentabilidad F1",Dura 310 días,17/11/2021,24/01/23,27/10/24,642,
Avance de la obra,"Equipo de Proyecto,Contraloría F1",Dura 20 días,28/12/2022,24/01/23,27/10/24,642,Avance de la obra
Dictamen D.R.O,"Equipo de Proyecto,Gerente Producción F1,Subdirectora Promotoría Exp Al Cliente y Sustentabilidad F1",Dura 10 días,11/01/2023,24/01/23,27/10/24,642,Dictamen D.R.O
Evaluación y Validación OMDAI,Dirección de Operaciones F1,Dura 15 días,25/01/2023,14/02/23,27/10/24,621,Evaluación y Validación OMDAI
Evaluación FIA,Dirección de Operaciones F1,Dura 10 días,15/02/2023,28/02/23,27/10/24,607,Evaluación FIA
Certificación de Pista bajo estándar FIA,Dirección de Operaciones F1,Dura 15 días,01/03/2023,21/03/23,27/10/24,586,Certificación de Pista bajo estándar FIA
Trazo de Pista,"Equipo de Proyecto,Dirección General CIE Internacional y F1",Dura 410 días,01/09/2021,28/03/23,27/10/24,579,
Pago de derechos,Dirección de Operaciones F1,Dura 5 días,22/03/2023,28/03/23,27/10/24,579,Pago de derechos
Pista Certificada Bajo Estándar FIA,Dirección de Operaciones F1,Dura 0 días,28/03/2023,28/03/23,27/10/24,579,Pista Certificada Bajo Estándar FIA
Diseño de la Imagen y Presentación,Creativo F1,Dura 1 días,29/03/2023,29/03/23,27/10/24,578,
Propuestas Creativas,"Creativo F1,Dirección de Mercadotecnia F1",Dura 1 días,29/03/2023,29/03/23,27/10/24,578,Propuestas Creativas
Aprobación de Imagen Master,"Creativo F1,Dirección de Mercadotecnia F1",Dura 1 días,30/03/2023,30/03/23,27/10/24,577,Aprobación de Imagen Master
Imagen Master,"Creativo F1,Dirección de Mercadotecnia F1",Dura 2 días,30/03/2023,31/03/23,27/10/24,576,
Presentación de Productos Corporativos,"Dirección Comercial F1,Creativo F1,Gerencia de Mercadotecnia F1",Dura 1 días,31/03/2023,31/03/23,27/10/24,576,Presentación de Productos Corporativos
Entrega de materiales para campaña,Gerente Producción F1,Dura 1 días,03/04/2023,3/04/23,27/10/24,573,Entrega de materiales para campaña
Experiencia al Cliente Corporativo,"Dirección Comercial F1,Gerencia Comercial F1,Gerencia de Administración e Información Comercial,Gerencia Sr. Comercial F1",Dura 1 días,03/04/2023,3/04/23,27/10/24,573,Experiencia al Cliente Corporativo
Presentación LANDYARD CASHLESS,"Dirección Comercial F1,Gerencia Comercial F1,Gerencia de Administración e Información Comercial,Gerencia Sr. Comercial F1",Dura 1 días,03/04/2023,3/04/23,27/10/24,573,Presentación LANDYARD CASHLESS
Presentación LANDYARD GRADA 3,"Coordinación Experiencia al Cliente,Gerente de Experiencia al Cliente Corporativos F1,Dirección Comercial F1,Gerencia Comercial F1,Gerencia Sr. Comercial F1,Contraloría F1",Dura 1 días,03/04/2023,3/04/23,27/10/24,573,Presentación LANDYARD GRADA 3
Visualización y propuesta de punto de entrega de kits.,"Dirección Comercial F1,Gerencia Comercial F1,Gerencia de Administración e Información Comercial,Gerencia Sr. Comercial F1",Dura 1 días,04/04/2023,4/04/23,27/10/24,572,Visualización y propuesta de punto de entrega de kits.
Presentación para Venta,"Creativo F1,Dirección de Mercadotecnia F1",Dura 5 días,03/04/2023,7/04/23,27/10/24,569,Presentación para Venta
Ajustes generales LANDYARD CASHLESS,"Dirección Comercial F1,Gerencia Comercial F1,Gerencia de Administración e Información Comercial,Gerencia Sr. Comercial F1",Dura 5 días,04/04/2023,10/04/23,27/10/24,566,Ajustes generales LANDYARD CASHLESS
Ajustes generales LANDYARD GRADA 3,"Dirección Comercial F1,Gerencia Comercial F1,Gerencia de Administración e Información Comercial,Gerencia Sr. Comercial F1",Dura 5 días,04/04/2023,10/04/23,27/10/24,566,Ajustes generales LANDYARD GRADA 3
Propuesta Conceptual,"Gerencia de Mercadotecnia F1,Dirección Comercial F1,Gerencia Sr. Comercial F1,Creativo F1",Dura 10 días,03/04/2023,14/04/23,27/10/24,562,Propuesta Conceptual
Amenities,"Dirección Comercial F1,Gerencia Comercial F1,Gerencia de Administración e Información Comercial,Gerencia Sr. Comercial F1,Creativo F1,Gerente Producción F1,Coordinación Experiencia al Cliente Corporativo F1",Dura 11 días,03/04/2023,17/04/23,27/10/24,559,
Aprobación de propuesta LANDYARD CASHLESS,"Dirección Comercial F1,Gerencia Comercial F1,Gerencia de Administración e Información Comercial,Gerencia Sr. Comercial F1",Dura 5 días,11/04/2023,17/04/23,27/10/24,559,Aprobación de propuesta LANDYARD CASHLESS
Aprobación de propuesta LANDYARD GRADA 3,"Dirección Comercial F1,Gerencia Comercial F1,Gerencia de Administración e Información Comercial,Gerencia Sr. Comercial F1",Dura 5 días,11/04/2023,17/04/23,27/10/24,559,Aprobación de propuesta LANDYARD GRADA 3
Proyecto Ejecutivo,Dirección de Operaciones F1,Dura 15 días,29/03/2023,18/04/23,27/10/24,558,Proyecto Ejecutivo
Análisis del Proyecto Ejecutivo,Dirección de Operaciones F1,Dura 10 días,19/04/2023,2/05/23,27/10/24,544,Análisis del Proyecto Ejecutivo
Segmentación y Valoración del Espacio Dentro y Fuera de la Pista,Dirección de Operaciones F1,Dura 30 días,29/03/2023,9/05/23,27/10/24,537,
Aprobación de Proyecto Ejecutivo,Dirección de Operaciones F1,Dura 5 días,03/05/2023,9/05/23,27/10/24,537,Aprobación de Proyecto Ejecutivo
Determinación de inventarios de espacios,"Gerente de Planeación Financiera F1,Dirección de Operaciones F1",Dura 10 días,03/05/2023,16/05/23,27/10/24,530,Determinación de inventarios de espacios
Costeo de metro cuadrado de servicios,"Gerente de Planeación Financiera F1,Dirección de Operaciones F1",Dura 5 días,17/05/2023,23/05/23,27/10/24,523,Costeo de metro cuadrado de servicios
Estimación metro cuadrado por persona-servicios,"Gerente de Planeación Financiera F1,Dirección de Operaciones F1",Dura 5 días,17/05/2023,23/05/23,27/10/24,523,Estimación metro cuadrado por persona-servicios
Determinación del Inventario de Espacios por Zona con precios (Factibilidad),"Gerente de Planeación Financiera F1,Dirección General CIE Internacional y F1",Dura 16 días,03/05/2023,24/05/23,27/10/24,522,
Estimación de ingresos,"Gerente de Planeación Financiera F1,Dirección de Operaciones F1",Dura 1 días,24/05/2023,24/05/23,27/10/24,522,Estimación de ingresos
Presentación LANDYARD SUITES,"Dirección Comercial F1,Gerencia Comercial F1,Gerencia de Administración e Información Comercial,Gerencia Sr. Comercial F1",Dura 40 días,03/04/2023,26/05/23,27/10/24,520,Presentación LANDYARD SUITES
Valuación de espacios On Track,Gerente de Planeación Financiera F1,Dura 5 días,25/05/2023,31/05/23,27/10/24,515,Valuación de espacios On Track
Ajustes generales LANDYARD SUITES,Coordinación Experiencia al Cliente,Dura 5 días,29/05/2023,2/06/23,27/10/24,513,Ajustes generales LANDYARD SUITES
Valuación de espacios Off Track,Gerente de Planeación Financiera F1,Dura 5 días,01/06/2023,7/06/23,27/10/24,508,Valuación de espacios Off Track
Branding,"Dirección Comercial F1,Gerencia Comercial F1,Gerencia de Administración e Información Comercial,Gerencia Sr. Comercial F1",Dura 50 días,03/04/2023,9/06/23,27/10/24,506,
"Entrega de propuesta de renders. (Módulos cashless, bonificación, tótems, playeras, pallets, tokens.) Seguimiento de cambios",Coordinación Experiencia al Cliente,Dura 5 días,05/06/2023,9/06/23,27/10/24,506,"Entrega de propuesta de renders. (Módulos cashless, bonificación, tótems, playeras, pallets, tokens.) Seguimiento de cambios"
Experiencia culinaria,Gerencia de Relaciones Públicas F1,Dura 5 días,05/06/2023,9/06/23,27/10/24,506,Experiencia culinaria
"Propuesta de render del back, copete y faldón del módulo de pre carga",Coordinación Experiencia al Cliente,Dura 5 días,05/06/2023,9/06/23,27/10/24,506,"Propuesta de render del back, copete y faldón del módulo de pre carga"
Estimación de egresos,Gerente de Planeación Financiera F1,Dura 4 días,08/06/2023,13/06/23,27/10/24,502,Estimación de egresos
Estimación de rentabilidad,Gerente de Planeación Financiera F1,Dura 4 días,08/06/2023,13/06/23,27/10/24,502,Estimación de rentabilidad
Tabla de Precios,"Dirección General CIE Internacional y F1,Gerente de Planeación Financiera F1",Dura 5 días,14/06/2023,20/06/23,27/10/24,495,Tabla de Precios
Análisis,Coordinación de Compras F1,Dura 1 días,21/06/2023,21/06/23,27/10/24,494,
Ajustes de asientos contables,Contraloría F1,Dura 1 días,21/06/2023,21/06/23,27/10/24,494,Ajustes de asientos contables
Criterios para Desarrollo de Proveedores,Coordinación de Compras F1,Dura 1 días,21/06/2023,21/06/23,27/10/24,494,Criterios para Desarrollo de Proveedores
Definición de fecha salida a Venta,"Dirección Comercial F1,Gerencia Sr. Comercial F1,Gerencia Comercial F1,Gerencia de Administración e Información Comercial,Dirección General CIE Internacional y F1,Gerente de Experiencia al Cliente Corporativos F1",Dura 1 días,21/06/2023,21/06/23,27/10/24,494,Definición de fecha salida a Venta
Definición del inventario para boletera,"Dirección General CIE Internacional y F1,Coordinación de Boletaje F1",Dura 1 días,21/06/2023,21/06/23,27/10/24,494,Definición del inventario para boletera
Fuentes de egresos,"Gerente de Planeación Financiera F1,Dirección General de Gerencia de Planeación Financiera F1",Dura 1 días,21/06/2023,21/06/23,27/10/24,494,Fuentes de egresos
Fuentes de ingresos (productos),"Gerente de Planeación Financiera F1,Dirección General de Gerencia de Planeación Financiera F1",Dura 1 días,21/06/2023,21/06/23,27/10/24,494,Fuentes de ingresos (productos)
Proyección de compra,Coordinación de Compras F1,Dura 1 días,21/06/2023,21/06/23,27/10/24,494,Proyección de compra
Reglas de negocio,"Coordinación de Compras F1,Subdirección Planeación Estratégica",Dura 1 días,21/06/2023,21/06/23,27/10/24,494,Reglas de negocio
Requisitos,Coordinación de Compras F1,Dura 1 días,21/06/2023,21/06/23,27/10/24,494,Requisitos
Negociación,Coordinación de Compras F1,Dura 1 días,22/06/2023,22/06/23,27/10/24,493,
Negociación,Coordinación de Compras F1,Dura 1 días,22/06/2023,22/06/23,27/10/24,493,Negociación
Volumen de compra ( Definición),Coordinación de Compras F1,Dura 1 días,22/06/2023,22/06/23,27/10/24,493,Volumen de compra ( Definición)
Determinación de canales de venta,Gerente de Planeación Financiera F1,Dura 5 días,21/06/2023,27/06/23,27/10/24,488,Determinación de canales de venta
Experiencia al Cliente PADDOCK,Gerencia Hospitalidades y Experiencias Premium F1,Dura 1 días,28/06/2023,28/06/23,27/10/24,487,
Distribución de Inventario por canal de venta,Coordinación de Boletaje F1,Dura 1 días,28/06/2023,28/06/23,27/10/24,487,Distribución de Inventario por canal de venta
"Levantamiento de necesidades. (Roles, cantidad, etc.)",Líder Proyectos y Plataformas,Dura 1 días,28/06/2023,28/06/23,27/10/24,487,"Levantamiento de necesidades. (Roles, cantidad, etc.)"
Planeación,"Gerencia de Experiencia al Cliente Hospitalidades y Protocolos F1,Dirección de Operaciones F1,Gerencia Comercial F1,Gerencia Sr. Comercial F1",Dura 1 días,28/06/2023,28/06/23,27/10/24,487,Planeación
Planeación de Egresos,"Gerente de Planeación Financiera F1,Dirección General de Gerencia de Planeación Financiera F1",Dura 10 días,22/06/2023,5/07/23,27/10/24,480,Planeación de Egresos
Planeación de ingresos,"Gerente de Planeación Financiera F1,Dirección General de Gerencia de Planeación Financiera F1",Dura 10 días,22/06/2023,5/07/23,27/10/24,480,Planeación de ingresos
Determinación de Tabla de Precios,Gerente de Planeación Financiera F1,Dura 34 días,25/05/2023,11/07/23,27/10/24,474,
Aforo,"Dirección General CIE Internacional y F1,Gerente de Planeación Financiera F1",Dura 75 días,29/03/2023,11/07/23,27/10/24,474,
"Master plan (borrador, versiones y as built)",Gerente Producción F1,Dura 10 días,28/06/2023,11/07/23,27/10/24,474,"Master plan (borrador, versiones y as built)"
Escenarios financieros,Gerente de Planeación Financiera F1,Dura 5 días,06/07/2023,12/07/23,27/10/24,473,Escenarios financieros
Escenarios financieros,Gerente de Planeación Financiera F1,Dura 5 días,06/07/2023,12/07/23,27/10/24,473,Escenarios financieros
Presupuesto de Egresos,"Gerente de Planeación Financiera F1,Dirección General de Gerencia de Planeación Financiera F1",Dura 26 días,21/06/2023,26/07/23,27/10/24,459,
Presupuesto de Egresos,Gerente de Planeación Financiera F1,Dura 10 días,13/07/2023,26/07/23,27/10/24,459,Presupuesto de Egresos
Presupuesto de ingresos,Gerente de Planeación Financiera F1,Dura 10 días,13/07/2023,26/07/23,27/10/24,459,Presupuesto de ingresos
Presupuesto de Ingresos,Gerente de Planeación Financiera F1,Dura 10 días,13/07/2023,26/07/23,27/10/24,459,Presupuesto de Ingresos
Solicitudes,Líder Proyectos y Plataformas,Dura 30 días,29/06/2023,9/08/23,27/10/24,445,Solicitudes
Definición de Pautado Redes Sociales,Gerencia de Redes Sociales F1,Dura 40 días,21/06/2023,15/08/23,27/10/24,439,Definición de Pautado Redes Sociales
Definición de Proyectos de PR,Gerencia de Relaciones Públicas F1,Dura 40 días,21/06/2023,15/08/23,27/10/24,439,Definición de Proyectos de PR
Vocero para entrevistas,"Gerencia de Redes Sociales F1,Gerencia de Relaciones Públicas F1",Dura 10 días,16/08/2023,29/08/23,27/10/24,425,Vocero para entrevistas
Elaboración de contenidos,"Creativo F1,Gerencia de Redes Sociales F1,Gerencia de Relaciones Públicas F1",Dura 40 días,16/08/2023,10/10/23,27/10/24,383,Elaboración de contenidos
Planificación de necesidades,Líder Proyectos y Plataformas,Dura 60 días,10/08/2023,1/11/23,27/10/24,361,Planificación de necesidades
Fecha de Salida a la Venta,"Dirección Comercial F1,Gerencia Sr. Comercial F1,Gerencia Comercial F1,Gerencia de Administración e Información Comercial,Dirección General CIE Internacional y F1",Dura 105 días,22/06/2023,15/11/23,27/10/24,347,Fecha de Salida a la Venta
Seguimiento de contrato,"Gerencia Comercial F1,Gerencia Sr. Comercial F1",Dura 1 días,16/11/2023,16/11/23,27/10/24,346,Seguimiento de contrato
Fechas de salida a la venta (solicitudes listas),Coordinación de Boletaje F1,Dura 20 días,16/11/2023,13/12/23,27/10/24,319,Fechas de salida a la venta (solicitudes listas)
Activaciones Entretenimiento,Analista de Proyectos Entretenimiento F1,Dura 0 días,29/01/2024,29/01/24,27/10/24,272,
Amevi Ambulancias,"Coordinación de Compras F1,Subdirección Planeación Estratégica",Dura 1 días,29/01/2024,29/01/24,27/10/24,272,Amevi Ambulancias
Arcos acceso general Display,"Coordinación de Compras F1,Subdirección Planeación Estratégica",Dura 1 días,29/01/2024,29/01/24,27/10/24,272,Arcos acceso general Display
"Bajas de agua pit building, Construccion","Coordinación de Compras F1,Subdirección Planeación Estratégica",Dura 1 días,29/01/2024,29/01/24,27/10/24,272,"Bajas de agua pit building, Construccion"
Banderines de Promotoria Textiles,"Coordinación de Compras F1,Subdirección Planeación Estratégica",Dura 1 días,29/01/2024,29/01/24,27/10/24,272,Banderines de Promotoria Textiles
Brief audio y video de Promotoria Audio y video,"Coordinación de Compras F1,Subdirección Planeación Estratégica",Dura 1 días,29/01/2024,29/01/24,27/10/24,272,Brief audio y video de Promotoria Audio y video
Cajas para marketing Cajas,"Coordinación de Compras F1,Subdirección Planeación Estratégica",Dura 1 días,29/01/2024,29/01/24,27/10/24,272,Cajas para marketing Cajas
Carros de Golf / Motos Carros de Golf,"Coordinación de Compras F1,Subdirección Planeación Estratégica",Dura 1 días,29/01/2024,29/01/24,27/10/24,272,Carros de Golf / Motos Carros de Golf
Contratación Situacion Maria tinto Vino,"Coordinación de Compras F1,Subdirección Planeación Estratégica",Dura 1 días,29/01/2024,29/01/24,27/10/24,272,Contratación Situacion Maria tinto Vino
Cotizar mecanica de suelo Construccion,"Coordinación de Compras F1,Subdirección Planeación Estratégica",Dura 1 días,29/01/2024,29/01/24,27/10/24,272,Cotizar mecanica de suelo Construccion
"Display GNP, PHOTO OPP, Display","Coordinación de Compras F1,Subdirección Planeación Estratégica",Dura 1 días,29/01/2024,29/01/24,27/10/24,272,"Display GNP, PHOTO OPP, Display"
Ednovi Pirotecnia,"Coordinación de Compras F1,Subdirección Planeación Estratégica",Dura 1 días,29/01/2024,29/01/24,27/10/24,272,Ednovi Pirotecnia
Entrega final versión completa + versión corta,"Coordinación de Compras F1,Subdirección Planeación Estratégica",Dura 1 días,29/01/2024,29/01/24,27/10/24,272,Entrega final versión completa + versión corta
Entrega final versión completa + versión resumen,"Coordinación de Compras F1,Subdirección Planeación Estratégica",Dura 1 días,29/01/2024,29/01/24,27/10/24,272,Entrega final versión completa + versión resumen
Escaleras de servicio Construccion,"Coordinación de Compras F1,Subdirección Planeación Estratégica",Dura 1 días,29/01/2024,29/01/24,27/10/24,272,Escaleras de servicio Construccion
Estructuras MK impresos,"Coordinación de Compras F1,Subdirección Planeación Estratégica",Dura 1 días,29/01/2024,29/01/24,27/10/24,272,Estructuras MK impresos
Ideartte Impresos/Carpas,"Coordinación de Compras F1,Subdirección Planeación Estratégica",Dura 1 días,29/01/2024,29/01/24,27/10/24,272,Ideartte Impresos/Carpas
IFOOD Comida,"Coordinación de Compras F1,Subdirección Planeación Estratégica",Dura 1 días,29/01/2024,29/01/24,27/10/24,272,IFOOD Comida
Modulos de informacion Display,"Coordinación de Compras F1,Subdirección Planeación Estratégica",Dura 1 días,29/01/2024,29/01/24,27/10/24,272,Modulos de informacion Display
Modulos de informacion Display,Coordinación de Compras F1,Dura 1 días,29/01/2024,29/01/24,27/10/24,272,Modulos de informacion Display
Muestra de playera para Marketing Textiles,"Coordinación de Compras F1,Subdirección Planeación Estratégica",Dura 1 días,29/01/2024,29/01/24,27/10/24,272,Muestra de playera para Marketing Textiles
Muestra de sueter para Marketing Textiles,"Coordinación de Compras F1,Subdirección Planeación Estratégica",Dura 1 días,29/01/2024,29/01/24,27/10/24,272,Muestra de sueter para Marketing Textiles
Muestras de Lanyard Textiles,"Coordinación de Compras F1,Subdirección Planeación Estratégica",Dura 1 días,29/01/2024,29/01/24,27/10/24,272,Muestras de Lanyard Textiles
Muestras nuevas de gorras Textiles,"Coordinación de Compras F1,Subdirección Planeación Estratégica",Dura 1 días,29/01/2024,29/01/24,27/10/24,272,Muestras nuevas de gorras Textiles
Planeación,"Gerencia de Experiencia al Cliente Hospitalidades y Protocolos F1,Analista de Proyectos Entretenimiento F1,Analista Experiencia al Cliente,Gerente de Experiencia al Cliente Corporativos F1",Dura 1 días,29/01/2024,29/01/24,27/10/24,272,Planeación
Planeación,"Analista de Proyectos Entretenimiento F1,Gerencia de Experiencia al Cliente Hospitalidades y Protocolos F1",Dura 0 días,29/01/2024,29/01/24,27/10/24,272,
Planeación,"Analista de Proyectos Entretenimiento F1,Gerencia de Experiencia al Cliente Hospitalidades y Protocolos F1",Dura 1 días,29/01/2024,29/01/24,27/10/24,272,Planeación
Proyecto de banderines sustentables Textiles,"Coordinación de Compras F1,Subdirección Planeación Estratégica",Dura 1 días,29/01/2024,29/01/24,27/10/24,272,Proyecto de banderines sustentables Textiles
Puente temporal Total show Construccion,"Coordinación de Compras F1,Subdirección Planeación Estratégica",Dura 1 días,29/01/2024,29/01/24,27/10/24,272,Puente temporal Total show Construccion
Respuesta revisión de bases,Coordinación de Compras F1,Dura 1 días,29/01/2024,29/01/24,27/10/24,272,Respuesta revisión de bases
Revisión de bases finales monitoreo,"Coordinación de Compras F1,Subdirección Planeación Estratégica",Dura 1 días,29/01/2024,29/01/24,27/10/24,272,Revisión de bases finales monitoreo
Show room impresos Impresos,"Coordinación de Compras F1,Subdirección Planeación Estratégica",Dura 1 días,29/01/2024,29/01/24,27/10/24,272,Show room impresos Impresos
Testigos de monitoreo finales,"Coordinación de Compras F1,Subdirección Planeación Estratégica",Dura 1 días,29/01/2024,29/01/24,27/10/24,272,Testigos de monitoreo finales
Video voluntarios Audio y video,Coordinación de Compras F1,Dura 1 días,29/01/2024,29/01/24,27/10/24,272,Video voluntarios Audio y video
Presentación Agencias,Analista de Proyectos Entretenimiento F1,Dura 21 días,29/01/2024,26/02/24,27/10/24,244,Presentación Agencias
Fecha límite para aprobar diseño de playeras,Analista de Proyectos Entretenimiento F1,Dura 23 días,29/01/2024,28/02/24,27/10/24,242,Fecha límite para aprobar diseño de playeras
Implementación de mejoras,Líder Proyectos y Plataformas,Dura 90 días,02/11/2023,6/03/24,27/10/24,235,Implementación de mejoras
Plataforma,Líder Proyectos y Plataformas,Dura 182 días,28/06/2023,7/03/24,27/10/24,234,
Inicio de programación y pruebas plataforma,Líder Proyectos y Plataformas,Dura 1 días,07/03/2024,7/03/24,27/10/24,234,Inicio de programación y pruebas plataforma
Propuesta conceptual,"Gerencia de Experiencia al Cliente Hospitalidades y Protocolos F1,Gerente Producción F1,Subdirectora Promotoría Exp Al Cliente y Sustentabilidad F1",Dura 30 días,30/01/2024,11/03/24,27/10/24,230,Propuesta conceptual
Ajustes IV,Analista de Proyectos Entretenimiento F1,Dura 13 días,27/02/2024,14/03/24,27/10/24,227,Ajustes IV
Propuesta de entretenimiento (Lista),Analista de Proyectos Entretenimiento F1,Dura 1 días,15/03/2024,15/03/24,27/10/24,226,Propuesta de entretenimiento (Lista)
Negociación con Compras,Analista de Proyectos Entretenimiento F1,Dura 5 días,18/03/2024,22/03/24,27/10/24,219,Negociación con Compras
Versión final Agencias,Analista de Proyectos Entretenimiento F1,Dura 1 días,25/03/2024,25/03/24,27/10/24,216,Versión final Agencias
Muestras de bolsas ecologicas Promocionales,"Coordinación Experiencia al Cliente,Coordinación Experiencia al Cliente Corporativo F1,Gerencia de Experiencia al Cliente Hospitalidades y Protocolos F1,Gerencia de Redes Sociales F1,Gerencia de Relaciones Públicas F1,Gerente de Experiencia al Cliente C...",Dura 200 días,21/06/2023,26/03/24,27/10/24,215,Muestras de bolsas ecologicas Promocionales
Presentación entretenimiento,"Gerencia de Experiencia al Cliente Hospitalidades y Protocolos F1,Subdirectora Promotoría Exp Al Cliente y Sustentabilidad F1",Dura 4 días,26/03/2024,29/03/24,27/10/24,212,Presentación entretenimiento
Validación por el cliente,"Analista de Proyectos Entretenimiento F1,Gerencia de Experiencia al Cliente Hospitalidades y Protocolos F1",Dura 15 días,12/03/2024,1/04/24,27/10/24,209,Validación por el cliente
Presentación aprobación Subdirección,Analista de Proyectos Entretenimiento F1,Dura 7 días,01/04/2024,9/04/24,27/10/24,201,Presentación aprobación Subdirección
Planeación de campañas de difusión y promoción,"Gerencia de Redes Sociales F1,Gerencia de Relaciones Públicas F1,Dirección de Mercadotecnia F1,Gerencia de Mercadotecnia F1",Dura 1 días,15/04/2024,15/04/24,27/10/24,195,
Planeación de objetivos de campaña y Briefs,Gerencia Mercadotecnia Digital F1,Dura 1 días,15/04/2024,15/04/24,27/10/24,195,
Reunión Kick Off,"Gerencia de Redes Sociales F1,Gerencia de Relaciones Públicas F1,Dirección de Mercadotecnia F1,Gerencia de Mercadotecnia F1",Dura 1 días,16/04/2024,16/04/24,27/10/24,194,Reunión Kick Off
Validación Dirección General,Analista de Proyectos Entretenimiento F1,Dura 7 días,10/04/2024,18/04/24,27/10/24,192,Validación Dirección General
Programación,"Analista de Proyectos Entretenimiento F1,Gerencia de Experiencia al Cliente Hospitalidades y Protocolos F1",Dura 15 días,02/04/2024,22/04/24,27/10/24,188,Programación
Activaciones,Gerencia de Administración e Información Comercial,Dura 71 días,29/01/2024,6/05/24,27/10/24,174,
Ubicación,"Analista de Proyectos Entretenimiento F1,Gerencia de Experiencia al Cliente Hospitalidades y Protocolos F1",Dura 10 días,23/04/2024,6/05/24,27/10/24,174,Ubicación
Entrega de Master Graphic,"Dirección de Operaciones F1,Gerente Producción F1",Dura 1 días,07/05/2024,7/05/24,27/10/24,173,Entrega de Master Graphic
Entrega de reporte fotográfico para revisión completa,"Coordinación de Compras F1,Subdirección Planeación Estratégica",Dura 1 días,07/05/2024,7/05/24,27/10/24,173,Entrega de reporte fotográfico para revisión completa
Give away hospitalidades,Gerencia Hospitalidades y Experiencias Premium F1,Dura 1 días,07/05/2024,7/05/24,27/10/24,173,Give away hospitalidades
Página Web México GP Lista,"Coordinación Experiencia al Cliente,Coordinación Experiencia al Cliente Corporativo F1,Gerencia de Experiencia al Cliente Hospitalidades y Protocolos F1,Gerencia de Redes Sociales F1,Gerencia de Relaciones Públicas F1,Gerente de Experiencia al Cliente C...",Dura 1 días,07/05/2024,7/05/24,27/10/24,173,Página Web México GP Lista
Revisión de bases finales monitoreo,Gerencia de Experiencia al Cliente Hospitalidades y Protocolos F1,Dura 1 días,07/05/2024,7/05/24,27/10/24,173,Revisión de bases finales monitoreo
Revisión y pruebas de Look& Feel,"Dirección de Operaciones F1,Gerente Producción F1",Dura 1 días,07/05/2024,7/05/24,27/10/24,173,Revisión y pruebas de Look& Feel
Selección de Lanyard hospitalidades,"Dirección General CIE Internacional y F1,Gerencia de Experiencia al Cliente Hospitalidades y Protocolos F1,Subdirectora Promotoría Exp Al Cliente y Sustentabilidad F1",Dura 1 días,08/05/2024,8/05/24,27/10/24,172,Selección de Lanyard hospitalidades
Selección Gorra Campaña,"Dirección General CIE Internacional y F1,Subdirectora Promotoría Exp Al Cliente y Sustentabilidad F1",Dura 1 días,08/05/2024,8/05/24,27/10/24,172,Selección Gorra Campaña
Selección Lanyard Grada,"Dirección General CIE Internacional y F1,Subdirectora Promotoría Exp Al Cliente y Sustentabilidad F1",Dura 1 días,08/05/2024,8/05/24,27/10/24,172,Selección Lanyard Grada
Selección Playera Campaña,"Dirección General CIE Internacional y F1,Subdirectora Promotoría Exp Al Cliente y Sustentabilidad F1",Dura 1 días,08/05/2024,8/05/24,27/10/24,172,Selección Playera Campaña
Estrategia de Sostenibilidad,Coordinador de Sostenibilidad F1,Dura 5 días,07/05/2024,13/05/24,27/10/24,167,
Aprobación totems señalización,"Dirección de Operaciones F1,Gerente Producción F1",Dura 5 días,07/05/2024,13/05/24,27/10/24,167,Aprobación totems señalización
Estrategia de Sostenibilidad,Coordinador de Sostenibilidad F1,Dura 5 días,07/05/2024,13/05/24,27/10/24,167,Estrategia de Sostenibilidad
Líneas Estratégicas,Coordinador de Sostenibilidad F1,Dura 5 días,07/05/2024,13/05/24,27/10/24,167,Líneas Estratégicas
Objetivos de Sustentabilidad,Coordinador de Sostenibilidad F1,Dura 5 días,07/05/2024,13/05/24,27/10/24,167,Objetivos de Sustentabilidad
Planeación programa de voluntarios,"Coordinación Experiencia al Cliente,Coordinación Experiencia al Cliente Corporativo F1,Gerencia de Experiencia al Cliente Hospitalidades y Protocolos F1,Gerencia de Redes Sociales F1,Gerencia de Relaciones Públicas F1,Gerente de Experiencia al Cliente C...",Dura 5 días,07/05/2024,13/05/24,27/10/24,167,Planeación programa de voluntarios
Política de Sustentabilidad,Coordinador de Sostenibilidad F1,Dura 5 días,07/05/2024,13/05/24,27/10/24,167,Política de Sustentabilidad
Programación (Envío a Mkt),Analista de Proyectos Entretenimiento F1,Dura 17 días,19/04/2024,13/05/24,27/10/24,167,Programación (Envío a Mkt)
Requisición,Coordinación de Compras F1,Dura 234 días,21/06/2023,13/05/24,27/10/24,167,Requisición
Orden del día,Coordinador de Sostenibilidad F1,Dura 1 días,14/05/2024,14/05/24,27/10/24,166,Orden del día
Aprobación de lonas en grada,"Dirección de Operaciones F1,Gerente Producción F1",Dura 10 días,07/05/2024,20/05/24,27/10/24,160,Aprobación de lonas en grada
Definición de aspectos a evaluar,Gerencia de Experiencia al Cliente Hospitalidades y Protocolos F1,Dura 10 días,07/05/2024,20/05/24,27/10/24,160,Definición de aspectos a evaluar
Pre-Producción,"Dirección Comercial F1,Gerencia Comercial F1,Gerencia de Administración e Información Comercial,Gerencia Sr. Comercial F1",Dura 296 días,03/04/2023,20/05/24,27/10/24,160,
Reuniones y Reglamento de Seguridad,Gerencia de Seguridad Corporativa,Dura 0 días,20/05/2024,20/05/24,27/10/24,160,
Gobierno Corporativo,Coordinador de Sostenibilidad F1,Dura 11 días,07/05/2024,21/05/24,27/10/24,159,
Entrega de bases finales monitoreo,Gerencia de Experiencia al Cliente Hospitalidades y Protocolos F1,Dura 10 días,08/05/2024,21/05/24,27/10/24,159,Entrega de bases finales monitoreo
Objetivos estratégicos de FOM,Coordinador de Sostenibilidad F1,Dura 5 días,15/05/2024,21/05/24,27/10/24,159,Objetivos estratégicos de FOM
Selección de Uniformes,"Dirección General CIE Internacional y F1,Subdirectora Promotoría Exp Al Cliente y Sustentabilidad F1",Dura 10 días,08/05/2024,21/05/24,27/10/24,159,Selección de Uniformes
Evaluación de acciones de Sostenibilidad,Coordinador de Sostenibilidad F1,Dura 1 días,22/05/2024,22/05/24,27/10/24,158,
Sostenibilidad,Coordinador de Sostenibilidad F1,Dura 12 días,07/05/2024,22/05/24,27/10/24,158,
Acciones para el Cambio,Coordinación de Compras F1,Dura 1 días,22/05/2024,22/05/24,27/10/24,158,Acciones para el Cambio
Entrega de capítulo eventos especiales Parte 1,Gerencia de Experiencia al Cliente Hospitalidades y Protocolos F1,Dura 1 días,22/05/2024,22/05/24,27/10/24,158,Entrega de capítulo eventos especiales Parte 1
Monitoreo de Publicaciones de Redes Sociales,"Gerencia de Redes Sociales F1,Gerencia de Relaciones Públicas F1,Dirección de Mercadotecnia F1,Gerencia de Mercadotecnia F1",Dura 12 días,07/05/2024,22/05/24,27/10/24,158,
Aprobación Gorra Campaña,"Dirección General CIE Internacional y F1,Subdirectora Promotoría Exp Al Cliente y Sustentabilidad F1",Dura 13 días,09/05/2024,27/05/24,27/10/24,153,Aprobación Gorra Campaña
Aprobación Lanyard Grada,"Dirección General CIE Internacional y F1,Subdirectora Promotoría Exp Al Cliente y Sustentabilidad F1",Dura 13 días,09/05/2024,27/05/24,27/10/24,153,Aprobación Lanyard Grada
Aprobación Lanyard hospitalidades,"Dirección General CIE Internacional y F1,Gerencia de Experiencia al Cliente Hospitalidades y Protocolos F1,Subdirectora Promotoría Exp Al Cliente y Sustentabilidad F1",Dura 13 días,09/05/2024,27/05/24,27/10/24,153,Aprobación Lanyard hospitalidades
Aprobación Playera Campaña,"Dirección General CIE Internacional y F1,Subdirectora Promotoría Exp Al Cliente y Sustentabilidad F1",Dura 13 días,09/05/2024,27/05/24,27/10/24,153,Aprobación Playera Campaña
Gorra,"Dirección General CIE Internacional y F1,Subdirectora Promotoría Exp Al Cliente y Sustentabilidad F1",Dura 14 días,08/05/2024,27/05/24,27/10/24,153,
Lanyard Grada,"Dirección General CIE Internacional y F1,Gerencia de Experiencia al Cliente Hospitalidades y Protocolos F1,Subdirectora Promotoría Exp Al Cliente y Sustentabilidad F1",Dura 14 días,08/05/2024,27/05/24,27/10/24,153,
Lanyard hospitalidades,"Dirección General CIE Internacional y F1,Gerencia de Experiencia al Cliente Hospitalidades y Protocolos F1,Subdirectora Promotoría Exp Al Cliente y Sustentabilidad F1",Dura 14 días,08/05/2024,27/05/24,27/10/24,153,
Planeación Media Kit,Gerencia de Relaciones Públicas F1,Dura 15 días,07/05/2024,27/05/24,27/10/24,153,Planeación Media Kit
Playera,"Dirección General CIE Internacional y F1,Gerencia de Experiencia al Cliente Hospitalidades y Protocolos F1,Subdirectora Promotoría Exp Al Cliente y Sustentabilidad F1",Dura 14 días,08/05/2024,27/05/24,27/10/24,153,
"Sesiones con Universidades, (Contar con todos los convenios con Universidades firmados).","Coordinación Experiencia al Cliente,Coordinación Experiencia al Cliente Corporativo F1,Gerencia de Experiencia al Cliente Hospitalidades y Protocolos F1,Gerencia de Redes Sociales F1,Gerencia de Relaciones Públicas F1,Gerente de Experiencia al Cliente C...",Dura 10 días,14/05/2024,27/05/24,27/10/24,153,"Sesiones con Universidades, (Contar con todos los convenios con Universidades firmados)."
Muestras de Lanyard Textiles,"Coordinación de Compras F1,Subdirección Planeación Estratégica",Dura 1 días,28/05/2024,28/05/24,27/10/24,152,Muestras de Lanyard Textiles
Planeación (Media Kit),Coordinación Media Centre F1,Dura 60 días,07/03/2024,29/05/24,27/10/24,151,Planeación (Media Kit)
Correcciones Renders,Analista de Proyectos Entretenimiento F1,Dura 14 días,14/05/2024,31/05/24,27/10/24,149,Correcciones Renders
Normas de Seguridad,Gerencia de Seguridad Corporativa,Dura 10 días,20/05/2024,31/05/24,27/10/24,149,Normas de Seguridad
Autorización de logos,"Dirección de Operaciones F1,Gerente Producción F1",Dura 20 días,07/05/2024,3/06/24,27/10/24,146,Autorización de logos
Envío a FOM,Analista de Proyectos Entretenimiento F1,Dura 1 días,03/06/2024,3/06/24,27/10/24,146,Envío a FOM
Pre-registro oficial,"Coordinación Media Centre F1,Gerente Producción F1",Dura 5 días,28/05/2024,3/06/24,27/10/24,146,Pre-registro oficial
Scouting en autódromo Hermanos Rodriguez,"Dirección de Operaciones F1,Gerente Producción F1",Dura 10 días,21/05/2024,3/06/24,27/10/24,146,Scouting en autódromo Hermanos Rodriguez
Acreditación de montaje,"Coordinación Experiencia al Cliente,Coordinación Experiencia al Cliente Corporativo F1,Gerencia de Experiencia al Cliente Hospitalidades y Protocolos F1,Gerencia de Redes Sociales F1,Gerencia de Relaciones Públicas F1,Gerente de Experiencia al Cliente C...",Dura 1 días,04/06/2024,4/06/24,27/10/24,145,Acreditación de montaje
Convocatorio universidades,"Coordinación Media Centre F1,Gerente Producción F1,Creativo F1",Dura 1 días,04/06/2024,4/06/24,27/10/24,145,Convocatorio universidades
Levantamiento de requerimientos de uniformes,"Dirección General CIE Internacional y F1,Subdirectora Promotoría Exp Al Cliente y Sustentabilidad F1",Dura 10 días,22/05/2024,4/06/24,27/10/24,145,Levantamiento de requerimientos de uniformes
Experiencia al Cliente Premium,"Dirección General CIE Internacional y F1,Gerencia de Experiencia al Cliente Hospitalidades y Protocolos F1,Subdirectora Promotoría Exp Al Cliente y Sustentabilidad F1",Dura 22 días,07/05/2024,5/06/24,27/10/24,144,
Amenities (físicas),Gerencia Hospitalidades y Experiencias Premium F1,Dura 22 días,07/05/2024,5/06/24,27/10/24,144,
Aprobación de requerimientos de uniforme (äreas),"Dirección General CIE Internacional y F1,Subdirectora Promotoría Exp Al Cliente y Sustentabilidad F1",Dura 1 día?s días,05/06/2024,5/06/24,27/10/24,144,Aprobación de requerimientos de uniforme (äreas)
Entrega de altas de logos,"Dirección de Operaciones F1,Gerente Producción F1",Dura 3 días,04/06/2024,6/06/24,27/10/24,143,Entrega de altas de logos
Uniformes de PR Textiles,"Coordinación de Compras F1,Subdirección Planeación Estratégica",Dura 1 días,06/06/2024,6/06/24,27/10/24,143,Uniformes de PR Textiles
Datos de registro,Gerencia de Seguridad Corporativa,Dura 15 días,20/05/2024,7/06/24,27/10/24,142,Datos de registro
Formulario,Gerencia de Seguridad Corporativa,Dura 1 días,10/06/2024,10/06/24,27/10/24,139,Formulario
Orden de compra,Coordinación de Compras F1,Dura 20 días,14/05/2024,10/06/24,27/10/24,139,Orden de compra
Acreditación de Escoltas,Gerencia de Seguridad Corporativa,Dura 17 días,20/05/2024,11/06/24,27/10/24,138,
Convocatoria,"Coordinación Experiencia al Cliente,Gerencia de Experiencia al Cliente Hospitalidades y Protocolos F1",Dura 5 días,05/06/2024,11/06/24,27/10/24,138,Convocatoria
Definición de pautado Marketing Digital,Gerencia de Redes Sociales F1,Dura 40 días,17/04/2024,11/06/24,27/10/24,138,Definición de pautado Marketing Digital
Entrega de altas a proveedor para pruebas de color,"Dirección de Operaciones F1,Gerente Producción F1",Dura 3 días,07/06/2024,11/06/24,27/10/24,138,Entrega de altas a proveedor para pruebas de color
Listado de personal acreditado,Gerencia de Seguridad Corporativa,Dura 1 días,11/06/2024,11/06/24,27/10/24,138,Listado de personal acreditado
Definición de espacios y tamaño de montaje,"Creativo F1,Gerente Producción F1,Gerente de Experiencia al Cliente Corporativos F1",Dura 150 días,16/11/2023,12/06/24,27/10/24,137,Definición de espacios y tamaño de montaje
Elaboración de contenidos,"Gerencia de Redes Sociales F1,Gerencia de Relaciones Públicas F1,Dirección de Mercadotecnia F1,Gerencia de Mercadotecnia F1",Dura 1 días,12/06/2024,12/06/24,27/10/24,137,
Recepción de gráficas,"Gerencia de Redes Sociales F1,Gerencia de Relaciones Públicas F1,Dirección de Mercadotecnia F1,Gerencia de Mercadotecnia F1",Dura 1 días,12/06/2024,12/06/24,27/10/24,137,Recepción de gráficas
Teaser 1 Convocatorio redes sociales,"Coordinación Experiencia al Cliente,Coordinación Experiencia al Cliente Corporativo F1,Gerencia de Experiencia al Cliente Hospitalidades y Protocolos F1,Gerencia de Redes Sociales F1,Gerencia de Relaciones Públicas F1,Gerente de Experiencia al Cliente C...",Dura 1 días,12/06/2024,12/06/24,27/10/24,137,Teaser 1 Convocatorio redes sociales
Adhesión a imagen del cliente,"Dirección Comercial F1,Gerencia Comercial F1,Gerencia Sr. Comercial F1,Creativo F1,Gerente Producción F1,Subdirectora Promotoría Exp Al Cliente y Sustentabilidad F1",Dura 1 días,13/06/2024,13/06/24,27/10/24,136,Adhesión a imagen del cliente
Pre registro,"Gerencia de Experiencia al Cliente Hospitalidades y Protocolos F1,Coordinación Experiencia al Cliente",Dura 1 días,13/06/2024,13/06/24,27/10/24,136,Pre registro
Revisión y entrega de template para reporte de cobertura de medios,"Gerencia de Redes Sociales F1,Gerencia de Relaciones Públicas F1,Dirección de Mercadotecnia F1,Gerencia de Mercadotecnia F1",Dura 1 días,13/06/2024,13/06/24,27/10/24,136,Revisión y entrega de template para reporte de cobertura de medios
Autorización de pruebas de color,"Dirección de Operaciones F1,Gerente Producción F1",Dura 3 días,12/06/2024,14/06/24,27/10/24,135,Autorización de pruebas de color
Entrevistas presenciales,"Coordinación Experiencia al Cliente,Coordinación Experiencia al Cliente Corporativo F1,Gerencia de Experiencia al Cliente Hospitalidades y Protocolos F1,Gerencia de Redes Sociales F1,Gerencia de Relaciones Públicas F1,Gerente de Experiencia al Cliente C...",Dura 1 días,14/06/2024,14/06/24,27/10/24,135,Entrevistas presenciales
Filtrado pre-registro,"Coordinación Experiencia al Cliente,Coordinación Experiencia al Cliente Corporativo F1,Gerencia de Experiencia al Cliente Hospitalidades y Protocolos F1,Gerencia de Redes Sociales F1,Gerencia de Relaciones Públicas F1,Gerente de Experiencia al Cliente C...",Dura 1 días,14/06/2024,14/06/24,27/10/24,135,Filtrado pre-registro
Permisos,Gerencia de Seguridad Corporativa,Dura 20 días,20/05/2024,14/06/24,27/10/24,135,Permisos
Entrega de bases para revisión del primer semestre,"Coordinación de Compras F1,Subdirección Planeación Estratégica",Dura 30 días,07/05/2024,17/06/24,27/10/24,132,Entrega de bases para revisión del primer semestre
Scouting voluntarios hosp,"Coordinación Experiencia al Cliente,Coordinación Experiencia al Cliente Corporativo F1,Gerencia de Experiencia al Cliente Hospitalidades y Protocolos F1,Gerencia de Redes Sociales F1,Gerencia de Relaciones Públicas F1,Gerente de Experiencia al Cliente C...",Dura 1 días,17/06/2024,17/06/24,27/10/24,132,Scouting voluntarios hosp
Selección de proveedores,Gerencia de Experiencia al Cliente Hospitalidades y Protocolos F1,Dura 20 días,21/05/2024,17/06/24,27/10/24,132,Selección de proveedores
Autorización de placas para clientes,"Dirección de Operaciones F1,Gerente Producción F1",Dura 3 días,17/06/2024,19/06/24,27/10/24,130,Autorización de placas para clientes
Brief Hospitalidades Live Events y MKP,"Dirección de Operaciones F1,Gerente Producción F1",Dura 3 días,17/06/2024,19/06/24,27/10/24,130,Brief Hospitalidades Live Events y MKP
"Brief para Agencias que realizarán un all In a Terrza A, Speed Lounge Amarillo y Speed Lounge 8A","Dirección de Operaciones F1,Gerente Producción F1",Dura 3 días,17/06/2024,19/06/24,27/10/24,130,"Brief para Agencias que realizarán un all In a Terrza A, Speed Lounge Amarillo y Speed Lounge 8A"
Entrega de últimos detalles de mood board,"Dirección de Operaciones F1,Gerente Producción F1",Dura 3 días,17/06/2024,19/06/24,27/10/24,130,Entrega de últimos detalles de mood board
Plus Muebles,"Dirección de Operaciones F1,Gerente Producción F1",Dura 3 días,17/06/2024,19/06/24,27/10/24,130,Plus Muebles
PSH Oficinas moviles,"Dirección de Operaciones F1,Gerente Producción F1",Dura 3 días,17/06/2024,19/06/24,27/10/24,130,PSH Oficinas moviles
"Sombra para MGS, CMB, PPB","Dirección de Operaciones F1,Gerente Producción F1",Dura 3 días,17/06/2024,19/06/24,27/10/24,130,"Sombra para MGS, CMB, PPB"
Tower Estructuras,"Dirección de Operaciones F1,Gerente Producción F1",Dura 3 días,17/06/2024,19/06/24,27/10/24,130,Tower Estructuras
William Scotman oficinas Oficinas moviles,"Dirección de Operaciones F1,Gerente Producción F1",Dura 3 días,17/06/2024,19/06/24,27/10/24,130,William Scotman oficinas Oficinas moviles
Entrega de anexo nota metodológica,"Gerencia de Redes Sociales F1,Gerencia de Relaciones Públicas F1,Dirección de Mercadotecnia F1,Gerencia de Mercadotecnia F1",Dura 5 días,14/06/2024,20/06/24,27/10/24,129,Entrega de anexo nota metodológica
Consignas de Seguridad,Gerencia de Seguridad Corporativa,Dura 15 días,03/06/2024,21/06/24,27/10/24,128,Consignas de Seguridad
Correcciones FOM,Analista de Proyectos Entretenimiento F1,Dura 14 días,04/06/2024,21/06/24,27/10/24,128,Correcciones FOM
Requisición,Coordinación de Compras F1,Dura 264 días,21/06/2023,24/06/24,27/10/24,125,
Aplicación de Moodboard a materiales y mobiliario,"Dirección de Operaciones F1,Gerente Producción F1",Dura 3 días,20/06/2024,24/06/24,27/10/24,125,Aplicación de Moodboard a materiales y mobiliario
Autorización de personalización suite,"Dirección de Operaciones F1,Gerente Producción F1",Dura 3 días,20/06/2024,24/06/24,27/10/24,125,Autorización de personalización suite
Contrato,Coordinación de Compras F1,Dura 10 días,11/06/2024,24/06/24,27/10/24,125,Contrato
Criterios de evaluación,Coordinación de Compras F1,Dura 1 días,25/06/2024,25/06/24,27/10/24,124,Criterios de evaluación
Logística de entrega,Coordinación de Compras F1,Dura 1 días,25/06/2024,25/06/24,27/10/24,124,Logística de entrega
Respuesta revisión de bases,Dirección de Mercadotecnia F1,Dura 3 días,21/06/2024,25/06/24,27/10/24,124,Respuesta revisión de bases
Entrega de bases para revisión del primer semestre,Gerencia de Redes Sociales F1,Dura 1 días,26/06/2024,26/06/24,27/10/24,123,Entrega de bases para revisión del primer semestre
Fecha límite para aprobar manual de recarga citibanamex cashless,Analista de Proyectos Entretenimiento F1,Dura 85 días,29/02/2024,26/06/24,27/10/24,123,Fecha límite para aprobar manual de recarga citibanamex cashless
"Definición de espacio de bodegas y cocina debajo de las Gradas PP eses, TSB A y Sports Lounge Azul","Dirección de Operaciones F1,Gerente Producción F1",Dura 3 días,25/06/2024,27/06/24,27/10/24,122,"Definición de espacio de bodegas y cocina debajo de las Gradas PP eses, TSB A y Sports Lounge Azul"
Entrega de bases finales para impresión - digitalización,Gerencia de Redes Sociales F1,Dura 1 días,27/06/2024,27/06/24,27/10/24,122,Entrega de bases finales para impresión - digitalización
"Fecha límite para aprobar backs, faldones, copetes y pallets",Analista de Proyectos Entretenimiento F1,Dura 1 días,27/06/2024,27/06/24,27/10/24,122,"Fecha límite para aprobar backs, faldones, copetes y pallets"
Fecha límite para aprobar bonificación y mandar a producir pallets,Analista de Proyectos Entretenimiento F1,Dura 1 días,27/06/2024,27/06/24,27/10/24,122,Fecha límite para aprobar bonificación y mandar a producir pallets
Publicación de contenidos,"Gerencia de Redes Sociales F1,Gerencia de Relaciones Públicas F1,Dirección de Mercadotecnia F1,Gerencia de Mercadotecnia F1",Dura 11 días,13/06/2024,27/06/24,27/10/24,122,
"Sembrado de mobiliario (Aforo de acuerdo al brief de cada hospitalidad) Propuesta de iluminación, materiales y showroom físico","Dirección de Operaciones F1,Gerente Producción F1",Dura 5 días,28/06/2024,4/07/24,27/10/24,115,"Sembrado de mobiliario (Aforo de acuerdo al brief de cada hospitalidad) Propuesta de iluminación, materiales y showroom físico"
Contrato y alta Macrane Maquinaria,"Dirección de Operaciones F1,Gerente Producción F1",Dura 1 días,05/07/2024,5/07/24,27/10/24,114,Contrato y alta Macrane Maquinaria
Entrega de gráficos para intervención de hospitalidades,"Dirección de Operaciones F1,Gerente Producción F1",Dura 1 días,05/07/2024,5/07/24,27/10/24,114,Entrega de gráficos para intervención de hospitalidades
"Entrega de renders y layouts Agencias, Live Events y MKP","Dirección de Operaciones F1,Gerente Producción F1",Dura 1 días,05/07/2024,5/07/24,27/10/24,114,"Entrega de renders y layouts Agencias, Live Events y MKP"
Sanirent Oficinas moviles,"Dirección de Operaciones F1,Gerente Producción F1",Dura 1 días,05/07/2024,5/07/24,27/10/24,114,Sanirent Oficinas moviles
Autorización y solicitud de mobiliario a proveedores,"Dirección de Operaciones F1,Gerente Producción F1",Dura 1 días,08/07/2024,8/07/24,27/10/24,111,Autorización y solicitud de mobiliario a proveedores
Cotizacion piso BackStage Piso,"Coordinación Experiencia al Cliente,Coordinación Experiencia al Cliente Corporativo F1,Gerencia de Experiencia al Cliente Hospitalidades y Protocolos F1,Gerencia de Redes Sociales F1,Gerencia de Relaciones Públicas F1,Gerente de Experiencia al Cliente C...",Dura 1 días,08/07/2024,8/07/24,27/10/24,111,Cotizacion piso BackStage Piso
Definicion de Proveedor Ambientacion Diseño de Look & Feel,"Coordinación Experiencia al Cliente,Coordinación Experiencia al Cliente Corporativo F1,Gerencia de Experiencia al Cliente Hospitalidades y Protocolos F1,Gerencia de Redes Sociales F1,Gerencia de Relaciones Públicas F1,Gerente de Experiencia al Cliente C...",Dura 1 días,08/07/2024,8/07/24,27/10/24,111,Definicion de Proveedor Ambientacion Diseño de Look & Feel
Enviar pull telehanders ontrack Maquinaria,"Coordinación Experiencia al Cliente,Coordinación Experiencia al Cliente Corporativo F1,Gerencia de Experiencia al Cliente Hospitalidades y Protocolos F1,Gerencia de Redes Sociales F1,Gerencia de Relaciones Públicas F1,Gerente de Experiencia al Cliente C...",Dura 1 días,08/07/2024,8/07/24,27/10/24,111,Enviar pull telehanders ontrack Maquinaria
Nussli grada SLS Estructuras,"Dirección de Operaciones F1,Gerente Producción F1",Dura 1 días,08/07/2024,8/07/24,27/10/24,111,Nussli grada SLS Estructuras
Presentacion Aluminio PPT,"Coordinación Experiencia al Cliente,Coordinación Experiencia al Cliente Corporativo F1,Gerencia de Experiencia al Cliente Hospitalidades y Protocolos F1,Gerencia de Redes Sociales F1,Gerencia de Relaciones Públicas F1,Gerente de Experiencia al Cliente C...",Dura 1 días,08/07/2024,8/07/24,27/10/24,111,Presentacion Aluminio PPT
Proveedores de Renders,"Coordinación Experiencia al Cliente,Coordinación Experiencia al Cliente Corporativo F1,Gerencia de Experiencia al Cliente Hospitalidades y Protocolos F1,Gerencia de Redes Sociales F1,Gerencia de Relaciones Públicas F1,Gerente de Experiencia al Cliente C...",Dura 1 días,08/07/2024,8/07/24,27/10/24,111,Proveedores de Renders
"Solicitud de carpas, octanorm y pisos a proveedores","Dirección de Operaciones F1,Gerente Producción F1",Dura 1 días,08/07/2024,8/07/24,27/10/24,111,"Solicitud de carpas, octanorm y pisos a proveedores"
Recorrido interno,"Coordinación Experiencia al Cliente,Coordinación Experiencia al Cliente Corporativo F1,Gerencia de Experiencia al Cliente Hospitalidades y Protocolos F1,Gerencia de Redes Sociales F1,Gerencia de Relaciones Públicas F1,Gerente de Experiencia al Cliente C...",Dura 1 días,09/07/2024,9/07/24,27/10/24,110,Recorrido interno
Aplicación Master Graphic. Propuesta para muros/divisiones y pisos. Entrega física,"Dirección de Operaciones F1,Gerente Producción F1",Dura 4 días,08/07/2024,11/07/24,27/10/24,108,Aplicación Master Graphic. Propuesta para muros/divisiones y pisos. Entrega física
Autorización y solicitud de recubrimientos a proveedores,"Dirección de Operaciones F1,Gerente Producción F1",Dura 5 días,08/07/2024,12/07/24,27/10/24,107,Autorización y solicitud de recubrimientos a proveedores
Contrato Agencias entretenimiento,Analista de Proyectos Entretenimiento F1,Dura 15 días,24/06/2024,12/07/24,27/10/24,107,Contrato Agencias entretenimiento
Coordinación FLY ACROSS,Gerencia de Seguridad Corporativa,Dura 20 días,17/06/2024,12/07/24,27/10/24,107,Coordinación FLY ACROSS
"Solicitud de infraestructura (gas, agua, suministro eléctrico)","Dirección de Operaciones F1,Gerente Producción F1",Dura 5 días,08/07/2024,12/07/24,27/10/24,107,"Solicitud de infraestructura (gas, agua, suministro eléctrico)"
Cotizacion de sobres para boletos RP impresos,"Coordinación de Compras F1,Subdirección Planeación Estratégica",Dura 123 días,29/01/2024,17/07/24,27/10/24,102,Cotizacion de sobres para boletos RP impresos
Directorio de proveedores,"Coordinación de Compras F1,Subdirección Planeación Estratégica",Dura 123 días,29/01/2024,17/07/24,27/10/24,102,
Autorización de presupuesto de hospitalidades,"Dirección de Operaciones F1,Gerente Producción F1",Dura 10 días,08/07/2024,19/07/24,27/10/24,100,Autorización de presupuesto de hospitalidades
Orden de compra entretenimiento,Analista de Proyectos Entretenimiento F1,Dura 5 días,15/07/2024,19/07/24,27/10/24,100,Orden de compra entretenimiento
Cierre de autorización de hospitalidades,"Dirección de Operaciones F1,Gerente Producción F1",Dura 1 días,22/07/2024,22/07/24,27/10/24,97,Cierre de autorización de hospitalidades
Fecha límite para aprobar artes de la pre carga,Analista de Proyectos Entretenimiento F1,Dura 20 días,27/06/2024,24/07/24,27/10/24,95,Fecha límite para aprobar artes de la pre carga
Fecha límite para aprobar manual de pre carga,Analista de Proyectos Entretenimiento F1,Dura 20 días,27/06/2024,24/07/24,27/10/24,95,Fecha límite para aprobar manual de pre carga
Entrevistas virtuales,Coordinación Experiencia al Cliente,Dura 30 días,17/06/2024,26/07/24,27/10/24,93,Entrevistas virtuales
Aprobación y rechazo de videos,"Coordinación Experiencia al Cliente,Coordinación Experiencia al Cliente Corporativo F1,Gerencia de Experiencia al Cliente Hospitalidades y Protocolos F1,Gerencia de Redes Sociales F1,Gerencia de Relaciones Públicas F1,Gerente de Experiencia al Cliente C...",Dura 1 días,29/07/2024,29/07/24,27/10/24,90,Aprobación y rechazo de videos
Validación por el cliente,Analista de Proyectos Entretenimiento F1,Dura 5 días,25/07/2024,31/07/24,27/10/24,88,Validación por el cliente
Vuelos comerciales,Gerencia de Seguridad Corporativa,Dura 20 días,15/07/2024,9/08/24,27/10/24,79,Vuelos comerciales
Convocatoria Abierta para medios de comunicación,"Coordinación Experiencia al Cliente,Coordinación Experiencia al Cliente Corporativo F1,Gerencia de Experiencia al Cliente Hospitalidades y Protocolos F1,Gerencia de Redes Sociales F1,Gerencia de Relaciones Públicas F1,Gerente de Experiencia al Cliente C...",Dura 70 días,07/05/2024,12/08/24,27/10/24,76,Convocatoria Abierta para medios de comunicación
Programación,Analista de Proyectos Entretenimiento F1,Dura 10 días,01/08/2024,14/08/24,27/10/24,74,Programación
Branding,Creativo F1,Dura 363 días,03/04/2023,21/08/24,27/10/24,67,
Solicitud para la generación de boletos,Coordinación de Boletaje F1,Dura 200 días,16/11/2023,21/08/24,27/10/24,67,Solicitud para la generación de boletos
Uso de Look&Feel en espacios y objetos,Gerente de Experiencia al Cliente Corporativos F1,Dura 200 días,16/11/2023,21/08/24,27/10/24,67,Uso de Look&Feel en espacios y objetos
Activaciones Marca,"Dirección Comercial F1,Gerencia Comercial F1,Gerencia de Administración e Información Comercial,Gerencia Sr. Comercial F1",Dura 149 días,29/01/2024,22/08/24,27/10/24,66,
Entrega de boletos SUITE,Analista de Proyectos Entretenimiento F1,Dura 1 días,22/08/2024,22/08/24,27/10/24,66,Entrega de boletos SUITE
Propuesta conceptual,Analista de Proyectos Entretenimiento F1,Dura 149 días,29/01/2024,22/08/24,27/10/24,66,
Operación de Helipuertos,Gerencia de Seguridad Corporativa,Dura 70 días,20/05/2024,23/08/24,27/10/24,65,
Activaciones,Gerencia de Relaciones Públicas F1,Dura 1 días,23/08/2024,23/08/24,27/10/24,65,Activaciones
Coordinación traslados Médicos,Gerencia de Seguridad Corporativa,Dura 10 días,12/08/2024,23/08/24,27/10/24,65,Coordinación traslados Médicos
Selección,"Coordinación Experiencia al Cliente,Coordinación Experiencia al Cliente Corporativo F1,Gerencia de Experiencia al Cliente Hospitalidades y Protocolos F1,Gerencia de Redes Sociales F1,Gerencia de Relaciones Públicas F1,Gerente de Experiencia al Cliente C...",Dura 20 días,30/07/2024,26/08/24,27/10/24,62,Selección
Capacitación: Logística de funcionalidad y operación de las hospitalidades previo al evento,"Coordinación Experiencia al Cliente,Coordinación Experiencia al Cliente Corporativo F1,Gerencia de Experiencia al Cliente Hospitalidades y Protocolos F1,Gerencia de Redes Sociales F1,Gerencia de Relaciones Públicas F1,Gerente de Experiencia al Cliente C...",Dura 1 días,27/08/2024,27/08/24,27/10/24,61,Capacitación: Logística de funcionalidad y operación de las hospitalidades previo al evento
Gestión de Autorización,Subdirectora Promotoría Exp Al Cliente y Sustentabilidad F1,Dura 5 días,22/08/2024,28/08/24,27/10/24,60,Gestión de Autorización
Logística de impresión (por Ticketmaster),Coordinación de Boletaje F1,Dura 1 días,29/08/2024,29/08/24,27/10/24,59,Logística de impresión (por Ticketmaster)
Tertulias,"Coordinación Experiencia al Cliente,Coordinación Experiencia al Cliente Corporativo F1,Gerencia de Experiencia al Cliente Hospitalidades y Protocolos F1,Gerencia de Redes Sociales F1,Gerencia de Relaciones Públicas F1,Gerente de Experiencia al Cliente C...",Dura 2 días,28/08/2024,29/08/24,27/10/24,59,Tertulias
Team back al cierre equipo de Hospitalidades,"Coordinación Experiencia al Cliente,Coordinación Experiencia al Cliente Corporativo F1,Gerencia de Experiencia al Cliente Hospitalidades y Protocolos F1,Gerencia de Redes Sociales F1,Gerencia de Relaciones Públicas F1,Gerente de Experiencia al Cliente C...",Dura 1 días,30/08/2024,30/08/24,27/10/24,58,Team back al cierre equipo de Hospitalidades
Check List General por Hospitalidad,"Coordinación Experiencia al Cliente,Coordinación Experiencia al Cliente Corporativo F1,Gerencia de Experiencia al Cliente Hospitalidades y Protocolos F1,Gerencia de Redes Sociales F1,Gerencia de Relaciones Públicas F1,Gerente de Experiencia al Cliente C...",Dura 1 días,02/09/2024,2/09/24,27/10/24,55,Check List General por Hospitalidad
Atención a Prensa y Medios,Coordinación Media Centre F1,Dura 130 días,07/03/2024,4/09/24,27/10/24,53,
"Facilidades (espacios Media Center, traslados)",Coordinación Media Centre F1,Dura 70 días,30/05/2024,4/09/24,27/10/24,53,"Facilidades (espacios Media Center, traslados)"
Planeación de amenidades y actividades (Kermesse),Coordinación Media Centre F1,Dura 70 días,30/05/2024,4/09/24,27/10/24,53,Planeación de amenidades y actividades (Kermesse)
Montaje Pit Lane (Supervisión),"Dirección de Operaciones F1,Dirección General CIE Internacional y F1",Dura 1 días,05/09/2024,5/09/24,27/10/24,52,
Contrato Dosai Fibra Optica,Dirección de Operaciones F1,Dura 1 días,05/09/2024,5/09/24,27/10/24,52,Contrato Dosai Fibra Optica
Producción On Track,Dirección de Operaciones F1,Dura 1 días,05/09/2024,5/09/24,27/10/24,52,
Requerimientos OMDAI y FIA,Dirección General CIE Internacional y F1,Dura 1 días,05/09/2024,5/09/24,27/10/24,52,Requerimientos OMDAI y FIA
Listo Manual de Voluntarios,"Coordinación Experiencia al Cliente,Coordinación Experiencia al Cliente Corporativo F1,Gerencia de Experiencia al Cliente Hospitalidades y Protocolos F1,Gerencia de Redes Sociales F1,Gerencia de Relaciones Públicas F1,Gerente de Experiencia al Cliente C...",Dura 15 días,27/08/2024,16/09/24,27/10/24,41,Listo Manual de Voluntarios
Alta de cliente en software de ventas o control de venta,"Gerencia de Administración e Información Comercial,Gerencia Comercial F1,Gerencia Sr. Comercial F1",Dura 220 días,16/11/2023,18/09/24,27/10/24,39,Alta de cliente en software de ventas o control de venta
Asignación,"Coordinación Experiencia al Cliente,Coordinación Experiencia al Cliente Corporativo F1,Gerencia de Experiencia al Cliente Hospitalidades y Protocolos F1,Gerencia de Redes Sociales F1,Gerencia de Relaciones Públicas F1,Gerente de Experiencia al Cliente C...",Dura 2 días,17/09/2024,18/09/24,27/10/24,39,Asignación
Contratos o cartas firmados por el cliente (Documentos del clientes para contrato),"Gerencia de Administración e Información Comercial,Gerencia Comercial F1,Gerencia Sr. Comercial F1,Delivery F1",Dura 220 días,16/11/2023,18/09/24,27/10/24,39,Contratos o cartas firmados por el cliente (Documentos del clientes para contrato)
Trámite aduanal internación de maquinaria y equipo,Dirección de Operaciones F1,Dura 10 días,05/09/2024,18/09/24,27/10/24,39,Trámite aduanal internación de maquinaria y equipo
Propuesta conceptual,Coordinación Media Centre F1,Dura 10 días,06/09/2024,19/09/24,27/10/24,38,Propuesta conceptual
Propuesta Menú,"Analista de Experiencia Culinaria,Analista Experiencia al Cliente,Gerencia Experiencia Culinaria F1",Dura 1 días,19/09/2024,19/09/24,27/10/24,38,Propuesta Menú
Estimación Inicio de producción,"Analista de Proyectos Entretenimiento F1,Gerencia de Experiencia al Cliente Hospitalidades y Protocolos F1",Dura 45 días,22/07/2024,20/09/24,27/10/24,37,Estimación Inicio de producción
Extensión de horarios,Gerencia Hospitalidades y Experiencias Premium F1,Dura 20 días,26/08/2024,20/09/24,27/10/24,37,Extensión de horarios
Contar con agencia y estructura de capacitación de voluntarios,"Coordinación Experiencia al Cliente,Coordinación Experiencia al Cliente Corporativo F1,Gerencia de Experiencia al Cliente Hospitalidades y Protocolos F1,Gerencia de Redes Sociales F1,Gerencia de Relaciones Públicas F1,Gerente de Experiencia al Cliente C...",Dura 20 días,27/08/2024,23/09/24,27/10/24,34,Contar con agencia y estructura de capacitación de voluntarios
Primera entrega de Evidencias,Analista de Proyectos Entretenimiento F1,Dura 7 días,23/09/2024,1/10/24,27/10/24,26,Primera entrega de Evidencias
"Gestión Administrativa con gobierno local (acceso, representación, movilidad, tránsito)","Dirección de Operaciones F1,Gerente Producción F1",Dura 20 días,05/09/2024,2/10/24,27/10/24,25,"Gestión Administrativa con gobierno local (acceso, representación, movilidad, tránsito)"
Registro de personal,Dirección de Operaciones F1,Dura 20 días,05/09/2024,2/10/24,27/10/24,25,Registro de personal
Trámite aduanal envío de equipo,Dirección de Operaciones F1,Dura 10 días,19/09/2024,2/10/24,27/10/24,25,Trámite aduanal envío de equipo
Análisis de insumos,Analista Experiencia al Cliente,Dura 20 días,06/09/2024,3/10/24,27/10/24,24,Análisis de insumos
Media Kit,Coordinación Media Centre F1,Dura 20 días,06/09/2024,3/10/24,27/10/24,24,Media Kit
Producción Minuto a Minuto,Coordinación Media Centre F1,Dura 20 días,06/09/2024,3/10/24,27/10/24,24,Producción Minuto a Minuto
Acreditación de Medios,Coordinador de Sostenibilidad F1,Dura 110 días,07/05/2024,7/10/24,27/10/24,20,
"Acreditación medios, revisión y envío de acreditaciones",Coordinador de Sostenibilidad F1,Dura 40 días,13/08/2024,7/10/24,27/10/24,20,"Acreditación medios, revisión y envío de acreditaciones"
"Fecha límite de confirmación voluntarios. (Foto, talla, confirmación de fechas, etc.)","Coordinación Experiencia al Cliente,Coordinación Experiencia al Cliente Corporativo F1,Gerencia de Experiencia al Cliente Hospitalidades y Protocolos F1,Gerencia de Redes Sociales F1,Gerencia de Relaciones Públicas F1,Gerente de Experiencia al Cliente C...",Dura 10 días,24/09/2024,7/10/24,27/10/24,20,"Fecha límite de confirmación voluntarios. (Foto, talla, confirmación de fechas, etc.)"
Recorrido de pista,"Gerencia de Experiencia al Cliente Hospitalidades y Protocolos F1,Subdirectora Promotoría Exp Al Cliente y Sustentabilidad F1",Dura 0 días,07/10/2024,7/10/24,27/10/24,20,
Recorrido de pista,Dirección de Operaciones F1,Dura 1 días,07/10/2024,7/10/24,27/10/24,20,Recorrido de pista
Preparación de recorridos,Coordinación Media Centre F1,Dura 25 días,06/09/2024,10/10/24,27/10/24,17,Preparación de recorridos
Capacitación: Logística de funcionalidad y operación de las hospitalidades durante el evento,"Coordinación Experiencia al Cliente,Coordinación Experiencia al Cliente Corporativo F1,Gerencia de Experiencia al Cliente Hospitalidades y Protocolos F1,Gerencia de Redes Sociales F1,Gerencia de Relaciones Públicas F1,Gerente de Experiencia al Cliente C...",Dura 14 días,24/09/2024,11/10/24,27/10/24,16,Capacitación: Logística de funcionalidad y operación de las hospitalidades durante el evento
Capacitación: Ceremonia de apertura,"Coordinación Experiencia al Cliente,Coordinación Experiencia al Cliente Corporativo F1,Gerencia de Experiencia al Cliente Hospitalidades y Protocolos F1,Gerencia de Redes Sociales F1,Gerencia de Relaciones Públicas F1,Gerente de Experiencia al Cliente C...",Dura 15 días,24/09/2024,14/10/24,27/10/24,13,Capacitación: Ceremonia de apertura
Capacitación: Cuentas Corporativas,"Coordinación Experiencia al Cliente,Coordinación Experiencia al Cliente Corporativo F1,Gerencia de Experiencia al Cliente Hospitalidades y Protocolos F1,Gerencia de Redes Sociales F1,Gerencia de Relaciones Públicas F1,Gerente de Experiencia al Cliente C...",Dura 15 días,24/09/2024,14/10/24,27/10/24,13,Capacitación: Cuentas Corporativas
Capacitación: Evaluación por hospitalidad,Coordinación Experiencia al Cliente,Dura 15 días,24/09/2024,14/10/24,27/10/24,13,Capacitación: Evaluación por hospitalidad
Capacitación: Experiencias Premium,"Coordinación Experiencia al Cliente,Coordinación Experiencia al Cliente Corporativo F1,Gerencia de Experiencia al Cliente Hospitalidades y Protocolos F1,Gerencia de Redes Sociales F1,Gerencia de Relaciones Públicas F1,Gerente de Experiencia al Cliente C...",Dura 15 días,24/09/2024,14/10/24,27/10/24,13,Capacitación: Experiencias Premium
Capacitación: FAQs generales y reforzamiento de la información,"Coordinación Experiencia al Cliente,Coordinación Experiencia al Cliente Corporativo F1,Gerencia de Experiencia al Cliente Hospitalidades y Protocolos F1,Gerencia de Redes Sociales F1,Gerencia de Relaciones Públicas F1,Gerente de Experiencia al Cliente C...",Dura 15 días,24/09/2024,14/10/24,27/10/24,13,Capacitación: FAQs generales y reforzamiento de la información
Capacitación: Incidencias,"Coordinación Experiencia al Cliente,Coordinación Experiencia al Cliente Corporativo F1,Gerencia de Experiencia al Cliente Hospitalidades y Protocolos F1,Gerencia de Redes Sociales F1,Gerencia de Relaciones Públicas F1,Gerente de Experiencia al Cliente C...",Dura 15 días,24/09/2024,14/10/24,27/10/24,13,Capacitación: Incidencias
"Capacitación: Indicadores de efectividad de operación previa al evento, Capacitación: Seguridad integral e inclusión","Coordinación Experiencia al Cliente,Coordinación Experiencia al Cliente Corporativo F1,Gerencia de Experiencia al Cliente Hospitalidades y Protocolos F1,Gerencia de Redes Sociales F1,Gerencia de Relaciones Públicas F1,Gerente de Experiencia al Cliente C...",Dura 15 días,24/09/2024,14/10/24,27/10/24,13,"Capacitación: Indicadores de efectividad de operación previa al evento, Capacitación: Seguridad integral e inclusión"
Capacitación: Introducción y la F1ESTA,"Coordinación Experiencia al Cliente,Coordinación Experiencia al Cliente Corporativo F1,Gerencia de Experiencia al Cliente Hospitalidades y Protocolos F1,Gerencia de Redes Sociales F1,Gerencia de Relaciones Públicas F1,Gerente de Experiencia al Cliente C...",Dura 15 días,24/09/2024,14/10/24,27/10/24,13,Capacitación: Introducción y la F1ESTA
Capacitación: Logística del evento y generalidades de las hospitalidades,"Coordinación Experiencia al Cliente,Coordinación Experiencia al Cliente Corporativo F1,Gerencia de Experiencia al Cliente Hospitalidades y Protocolos F1,Gerencia de Redes Sociales F1,Gerencia de Relaciones Públicas F1,Gerente de Experiencia al Cliente C...",Dura 15 días,24/09/2024,14/10/24,27/10/24,13,Capacitación: Logística del evento y generalidades de las hospitalidades
"Capacitación: Núcleos por zona, hospitalidades y marcas por núcleo","Coordinación Experiencia al Cliente,Coordinación Experiencia al Cliente Corporativo F1,Gerencia de Experiencia al Cliente Hospitalidades y Protocolos F1,Gerencia de Redes Sociales F1,Gerencia de Relaciones Públicas F1,Gerente de Experiencia al Cliente C...",Dura 15 días,24/09/2024,14/10/24,27/10/24,13,"Capacitación: Núcleos por zona, hospitalidades y marcas por núcleo"
Capacitación: Producción,"Coordinación Experiencia al Cliente,Coordinación Experiencia al Cliente Corporativo F1,Gerencia de Experiencia al Cliente Hospitalidades y Protocolos F1,Gerencia de Redes Sociales F1,Gerencia de Relaciones Públicas F1,Gerente de Experiencia al Cliente C...",Dura 15 días,24/09/2024,14/10/24,27/10/24,13,Capacitación: Producción
Capacitación: Sostenibilidad,"Coordinación Experiencia al Cliente,Coordinación Experiencia al Cliente Corporativo F1,Gerencia de Experiencia al Cliente Hospitalidades y Protocolos F1,Gerencia de Redes Sociales F1,Gerencia de Relaciones Públicas F1,Gerente de Experiencia al Cliente C...",Dura 15 días,24/09/2024,14/10/24,27/10/24,13,Capacitación: Sostenibilidad
Implementación,Gerente Producción F1,Dura 5 días,08/10/2024,14/10/24,27/10/24,13,Implementación
Atención de observaciones,Gerente Producción F1,Dura 1 días,15/10/2024,15/10/24,27/10/24,12,Atención de observaciones
Búsqueda de proveedores,"Coordinación de Compras F1,Subdirección Planeación Estratégica",Dura 345 días,21/06/2023,15/10/24,27/10/24,12,Búsqueda de proveedores
Trámites gubernamentales,Dirección de Operaciones F1,Dura 30 días,05/09/2024,16/10/24,27/10/24,11,
Atención de Requerimientos de homologación de pista,Dirección de Operaciones F1,Dura 30 días,05/09/2024,16/10/24,27/10/24,11,
Informe OMDAI/FIA,"Dirección Comercial F1,Gerencia Comercial F1,Gerencia de Administración e Información Comercial,Gerencia Sr. Comercial F1",Dura 1 días,16/10/2024,16/10/24,27/10/24,11,Informe OMDAI/FIA
Trámite migración,Dirección de Operaciones F1,Dura 10 días,03/10/2024,16/10/24,27/10/24,11,Trámite migración
Tertulias,"Coordinación Experiencia al Cliente,Coordinación Experiencia al Cliente Corporativo F1,Gerencia de Experiencia al Cliente Hospitalidades y Protocolos F1,Gerencia de Redes Sociales F1,Gerencia de Relaciones Públicas F1,Gerente de Experiencia al Cliente C...",Dura 18 días,24/09/2024,17/10/24,27/10/24,10,Tertulias
Validación por Cliente,"Analista de Experiencia Culinaria,Analista Experiencia al Cliente,Gerencia Experiencia Culinaria F1",Dura 20 días,20/09/2024,17/10/24,27/10/24,10,Validación por Cliente
Experiencia Culinaria,"Analista de Experiencia Culinaria,Analista Experiencia al Cliente,Gerencia Experiencia Culinaria F1",Dura 22 días,19/09/2024,18/10/24,27/10/24,9,
Experiencia al Cliente Corporativo,"Dirección Comercial F1,Gerencia Comercial F1,Gerencia de Administración e Información Comercial,Gerencia Sr. Comercial F1",Dura 405 días,03/04/2023,18/10/24,27/10/24,9,
PIT LANE WALK,"Coordinación Experiencia al Cliente,Coordinación Experiencia al Cliente Corporativo F1,Gerencia de Experiencia al Cliente Hospitalidades y Protocolos F1,Gerencia de Redes Sociales F1,Gerencia de Relaciones Públicas F1,Gerente de Experiencia al Cliente C...",Dura 22 días,19/09/2024,18/10/24,27/10/24,9,PIT LANE WALK
Ubicación (logistica cocinas),"Analista de Experiencia Culinaria,Analista Experiencia al Cliente,Gerencia Experiencia Culinaria F1",Dura 1 días,18/10/2024,18/10/24,27/10/24,9,Ubicación (logistica cocinas)
Acreditación de coordinadores de producto y voluntarios,"Coordinación Experiencia al Cliente,Coordinación Experiencia al Cliente Corporativo F1,Gerencia de Experiencia al Cliente Hospitalidades y Protocolos F1,Gerencia de Redes Sociales F1,Gerencia de Relaciones Públicas F1,Gerente de Experiencia al Cliente C...",Dura 20 días,24/09/2024,21/10/24,27/10/24,6,Acreditación de coordinadores de producto y voluntarios
Capacitación: Bluter,"Coordinación Experiencia al Cliente,Coordinación Experiencia al Cliente Corporativo F1,Gerencia de Experiencia al Cliente Hospitalidades y Protocolos F1,Gerencia de Redes Sociales F1,Gerencia de Relaciones Públicas F1,Gerente de Experiencia al Cliente C...",Dura 20 días,24/09/2024,21/10/24,27/10/24,6,Capacitación: Bluter
Capacitación: Cuentas Culinaria,"Coordinación Experiencia al Cliente,Coordinación Experiencia al Cliente Corporativo F1,Gerencia de Experiencia al Cliente Hospitalidades y Protocolos F1,Gerencia de Redes Sociales F1,Gerencia de Relaciones Públicas F1,Gerente de Experiencia al Cliente C...",Dura 20 días,24/09/2024,21/10/24,27/10/24,6,Capacitación: Cuentas Culinaria
Capacitación: Integración y Trabajo en equipo ATCL y hospitalidades,"Coordinación Experiencia al Cliente,Coordinación Experiencia al Cliente Corporativo F1,Gerencia de Experiencia al Cliente Hospitalidades y Protocolos F1,Gerencia de Redes Sociales F1,Gerencia de Relaciones Públicas F1,Gerente de Experiencia al Cliente C...",Dura 20 días,24/09/2024,21/10/24,27/10/24,6,Capacitación: Integración y Trabajo en equipo ATCL y hospitalidades
Casting-ceremonia,"Coordinación Experiencia al Cliente,Coordinación Experiencia al Cliente Corporativo F1,Gerencia de Experiencia al Cliente Hospitalidades y Protocolos F1,Gerencia de Redes Sociales F1,Gerencia de Relaciones Públicas F1,Gerente de Experiencia al Cliente C...",Dura 20 días,24/09/2024,21/10/24,27/10/24,6,Casting-ceremonia
Entrega de Kit de Voluntarios / PLW,"Coordinación Experiencia al Cliente,Coordinación Experiencia al Cliente Corporativo F1,Gerencia de Experiencia al Cliente Hospitalidades y Protocolos F1,Gerencia de Redes Sociales F1,Gerencia de Relaciones Públicas F1,Gerente de Experiencia al Cliente C...",Dura 20 días,24/09/2024,21/10/24,27/10/24,6,Entrega de Kit de Voluntarios / PLW
Recorrido dirección,"Coordinación Experiencia al Cliente,Coordinación Experiencia al Cliente Corporativo F1,Gerencia de Experiencia al Cliente Hospitalidades y Protocolos F1,Gerencia de Redes Sociales F1,Gerencia de Relaciones Públicas F1,Gerente de Experiencia al Cliente C...",Dura 20 días,24/09/2024,21/10/24,27/10/24,6,Recorrido dirección
Abastecimiento antes del evento,Analista Experiencia al Cliente,Dura 13 días,04/10/2024,22/10/24,27/10/24,5,Abastecimiento antes del evento
Entrega de Activaciones,Analista de Proyectos Entretenimiento F1,Dura 15 días,02/10/2024,22/10/24,27/10/24,5,Entrega de Activaciones
Propuesta conceptual,Analista de Proyectos Entretenimiento F1,Dura 192 días,29/01/2024,22/10/24,27/10/24,5,
"Mantenimiento a infraestructura (Paddock, Pit lane)",Dirección de Operaciones F1,Dura 35 días,05/09/2024,23/10/24,27/10/24,4,
Capacitación,"Coordinación Experiencia al Cliente,Coordinación Experiencia al Cliente Corporativo F1,Gerencia de Experiencia al Cliente Hospitalidades y Protocolos F1,Gerencia de Redes Sociales F1,Gerencia de Relaciones Públicas F1,Gerente de Experiencia al Cliente C...",Dura 42 días,27/08/2024,23/10/24,27/10/24,4,
Capacitación específica para voluntarios y logística de PIT LANE WALK,Coordinación Media Centre F1,Dura 22 días,24/09/2024,23/10/24,27/10/24,4,Capacitación específica para voluntarios y logística de PIT LANE WALK
"Mantenimiento a infraestructura Pit Lane Paddock, Pista",Dirección de Operaciones F1,Dura 35 días,05/09/2024,23/10/24,27/10/24,4,"Mantenimiento a infraestructura Pit Lane Paddock, Pista"
Conciliación de pago,"Gerencia Comercial F1,Gerencia Sr. Comercial F1,Delivery F1",Dura 246 días,16/11/2023,24/10/24,27/10/24,3,Conciliación de pago
Administración de Boletera-Boletaje,Coordinación de Boletaje F1,Dura 353 días,21/06/2023,25/10/24,27/10/24,2,
Venta de Productos y Servicios,Gerencia Sr. Comercial F1,Dura 410 días,03/04/2023,25/10/24,27/10/24,2,
Administración de Venta,"Contraloría F1,Dirección Comercial F1,Gerencia Comercial F1,Gerencia de Administración e Información Comercial,Gerencia Sr. Comercial F1",Dura 247 días,16/11/2023,25/10/24,27/10/24,2,
Ceremonia y Protocolos,Gerencia de Experiencia al Cliente Hospitalidades y Protocolos F1,Dura 15 días,07/10/2024,25/10/24,27/10/24,2,
Adiciones / Modificaciones,"Gerencia Comercial F1,Gerencia Sr. Comercial F1",Dura 246 días,17/11/2023,25/10/24,27/10/24,2,Adiciones / Modificaciones
Analítica de Pagos,Gerente de Planeación Financiera F1,Dura 247 días,16/11/2023,25/10/24,27/10/24,2,Analítica de Pagos
Carreras de Soporte,"Gerencia de Experiencia al Cliente Hospitalidades y Protocolos F1,Subdirectora Promotoría Exp Al Cliente y Sustentabilidad F1",Dura 0 días,25/10/2024,25/10/24,27/10/24,2,Carreras de Soporte
Ceremonia de apertura,"Gerencia de Experiencia al Cliente Hospitalidades y Protocolos F1,Subdirectora Promotoría Exp Al Cliente y Sustentabilidad F1",Dura 0 días,25/10/2024,25/10/24,27/10/24,2,Ceremonia de apertura
Cierre de inventario de boletos,Coordinación de Boletaje F1,Dura 41 días,30/08/2024,25/10/24,27/10/24,2,Cierre de inventario de boletos
Cierre de la venta,"Dirección Comercial F1,Gerencia Comercial F1,Gerencia de Administración e Información Comercial,Gerencia Sr. Comercial F1",Dura 247 días,16/11/2023,25/10/24,27/10/24,2,Cierre de la venta
Colaboraciones,"Gerencia de Experiencia al Cliente Hospitalidades y Protocolos F1,Gerencia de Mercadotecnia F1,Gerencia de Redes Sociales F1",Dura 303 días,30/08/2023,25/10/24,27/10/24,2,Colaboraciones
Contrato/Carta Compromiso,Gerencia de Administración e Información Comercial,Dura 247 días,16/11/2023,25/10/24,27/10/24,2,Contrato/Carta Compromiso
Cuadre (se realiza cada semana),"Subdirectora Promotoría Exp Al Cliente y Sustentabilidad F1,Gerente de Planeación Financiera F1",Dura 247 días,16/11/2023,25/10/24,27/10/24,2,Cuadre (se realiza cada semana)
Logística de impresión (indicación de fecha),Ticketmaster,Dura 353 días,21/06/2023,25/10/24,27/10/24,2,
Propuestas aceptadas por Cliente,"Dirección Comercial F1,Gerencia Sr. Comercial F1,Gerencia Comercial F1",Dura 247 días,16/11/2023,25/10/24,27/10/24,2,Propuestas aceptadas por Cliente
Protocolo carreras de soporte,"Gerencia de Experiencia al Cliente Hospitalidades y Protocolos F1,Subdirectora Promotoría Exp Al Cliente y Sustentabilidad F1",Dura 0 días,25/10/2024,25/10/24,27/10/24,2,Protocolo carreras de soporte
Protocolo show previo a la carrera,"Gerencia de Experiencia al Cliente Hospitalidades y Protocolos F1,Subdirectora Promotoría Exp Al Cliente y Sustentabilidad F1",Dura 0 días,25/10/2024,25/10/24,27/10/24,2,Protocolo show previo a la carrera
Seguimiento y Conciliación de Pago,"Dirección Comercial F1,Gerencia Comercial F1,Gerencia de Administración e Información Comercial,Gerencia Sr. Comercial F1,Contraloría F1",Dura 247 días,16/11/2023,25/10/24,27/10/24,2,Seguimiento y Conciliación de Pago
Ventas Especiales,Coordinación de Boletaje F1,Dura 247 días,16/11/2023,25/10/24,27/10/24,2,Ventas Especiales
Reabastecimiento durante el evento,Analista Experiencia al Cliente,Dura 10 días,22/10/2024,26/10/24,27/10/24,1,Reabastecimiento durante el evento
Gran Premio de Mexico Fórmula 1 2024,"Equipo de Proyecto,Dirección General CIE Internacional y F1",Dura 5 días,25/10/2024,27/10/24,27/10/24,0,
Operación,Coordinación Experiencia al Cliente,Dura 6 días,25/10/2024,27/10/24,27/10/24,0,Operación
Preparación Embalaje y Coordinación,Dirección de Operaciones F1,Dura 0 días,27/10/2024,27/10/24,27/10/24,0,Preparación Embalaje y Coordinación
Supervisión durante el México GP,Gerencia de Seguridad Corporativa,Dura 1 días,27/10/2024,27/10/24,27/10/24,0,Supervisión durante el México GP
